,total_pass,accurate_pass,total_long_balls,accurate_long_balls,goal_assist,good_high_claim,saved_shots_from_inside_the_box,saves,minutes_played,touches,possession_lost_ctrl,goals_prevented,total_cross,accurate_cross,aerial_lost,duel_lost,duel_won,dispossessed,on_target_scoring_attempt,goals,total_clearance,outfielder_block,interception_won,total_tackle,fouls,expected_goals,expected_assists,aerial_won,was_fouled,shot_off_target,challenge_lost,total_contest,won_contest,big_chance_created,clearance_off_line,key_pass,error_lead_to_a_shot,big_chance_missed,penalty_miss,blocked_scoring_attempt,penalty_save,punches,penalty_conceded,total_offside,total_keeper_sweeper,accurate_keeper_sweeper,hit_woodwork,last_man_tackle,own_goals,penalty_won,error_lead_to_a_goal,pass_accuracy,long_ball_accuracy,cross_accuracy,keeper_sweeper_accuracy,contest_win_rate,contest_loss_rate,duel_win_rate,aerial_win_rate,rating
total_pass,1.0,0.9850603985721588,0.39218640933657556,0.46030682718762755,0.005975447690028945,0.026540471873832752,0.02083763722958124,0.018613723978456297,0.5725424171539325,0.9537064633257172,0.2869955922546686,0.0071578541711111955,0.061203376711018886,0.05909541928889253,0.03187887487105421,0.005737134403420316,0.2400347090368658,-0.09125911245882055,-0.0686936176920515,-0.06036535277886483,0.3006365996757167,0.21425881496454502,0.2681993258926755,0.23088228203485792,0.058495857317602415,-0.0989345821595435,0.10178446120484252,0.22333096457967122,0.030235206363086912,-0.007282075820553121,0.10005997137688066,-0.0827651213949542,-0.026780658151476677,0.01968988001588023,0.05396654334575691,0.10894976579779965,0.07016398434623368,-0.08014418315906388,-0.016478842183546078,-0.028110586630216285,0.007616604166043222,0.006924267967306637,0.02102855989376739,-0.11953348498177618,0.0113490030004542,0.011112272567149051,-0.02096474340847743,0.08027849554877452,0.027873362125208564,-0.015734766185736604,0.039763837444431745,0.3631620634312042,0.09251688189211332,0.03261046650323852,-0.03817873779069658,0.09697724677583201,0.11520135262563379,0.17030561121556995,0.15270449951399198,0.28978497518171187
accurate_pass,0.9850603985721588,1.0,0.2896152842865764,0.4089480497890618,0.007711715428933942,-0.02990008723466922,-0.037913149141722904,-0.044081792478282644,0.5180424079660116,0.9286674823039645,0.16203057453037983,-0.001286662113047448,0.053192790423587474,0.05459455807325769,0.023421978266404637,0.0007698400377730723,0.21959924762953462,-0.09013669754526282,-0.06750266117748091,-0.06093651179435851,0.28776013022165,0.2193404082036081,0.2674684891025204,0.2249568584113751,0.05883762274620046,-0.09760855434508803,0.10312485565144215,0.19546354136056476,0.024708771840844093,-0.004266232466936632,0.0971349474740362,-0.08360515457908714,-0.027433305947657687,0.020631276877886042,0.05386558441131876,0.11091347265725093,0.06270996949751487,-0.07857527856459663,-0.017909279249244184,-0.025583860693639836,-0.00839473566612182,-0.03322788640132311,0.022283668765001853,-0.11823058400433738,-0.020427418617691772,-0.021127241431911147,-0.020292092939631044,0.0833613280727769,0.02870670769310239,-0.01670196433293323,0.033803682179306745,0.4787776887872567,0.14827042215725353,0.03423141536255247,-0.09735351535712157,0.09805265096799592,0.10854345821208103,0.14959284011324345,0.130030813371138,0.2784285721468305
total_long_balls,0.39218640933657556,0.2896152842865764,1.0,0.8563923636977758,-0.052325919374545365,0.5128432706118314,0.5723921112396222,0.6220399373638608,0.37934853592198503,0.35244586177982523,0.3311057722970274,0.01850360961146997,-0.09490793007028776,-0.057775041844252535,-0.12610429875871962,-0.2648299880439158,-0.11915197171864308,-0.20860284346295677,-0.15397877931856596,-0.09912162270840352,0.1750493509249557,0.047218022694968005,0.02891101116122032,-0.04577424450215236,-0.12321641108267212,-0.16594328398254204,-0.09587092715368845,0.008419059040201831,-0.11353569288834087,-0.14225498982380455,-0.0634203842889999,-0.22128244244657605,-0.15558694637445233,-0.058839000102282435,0.01767605311706542,-0.11347605038112915,0.0476166704118826,-0.10959160891262254,-0.02209322457318321,-0.12824076277515067,0.1273797425900484,0.3927601264618137,0.013578389849555285,-0.1332404176885321,0.35709950770120147,0.3570281161611154,-0.04962915902281343,0.021751311327611343,0.019036187079023825,-0.028592188967378206,0.059373548703931286,-0.1875978881368983,-0.06541052196927535,0.04501697213011989,0.07041329632247481,0.09213576149421332,0.10360207657846442,0.2554697759218747,0.2054380022476086,0.15901366315735574
accurate_long_balls,0.46030682718762755,0.4089480497890618,0.8563923636977758,1.0,-0.03417812160386179,0.37113520250520304,0.42477401173041296,0.4677854148659155,0.35801780527346466,0.4101650188621409,0.1760860964978855,-0.014179600001530726,-0.07282912586736669,-0.039170433316188004,-0.10535680506978784,-0.2102940409661839,-0.07037662887642017,-0.17337443108087927,-0.124454519284376,-0.08286548435706781,0.15377560988184855,0.06207801669254374,0.042262938321065695,-0.01618336050859623,-0.08080609100629506,-0.13601643560242976,-0.045611605831825,0.020672276439747818,-0.07710027231723177,-0.10220530278328338,-0.03844646138494282,-0.1822383359738132,-0.11785386768781722,-0.03234374352671097,0.022775173939984614,-0.051339754282745245,0.04181766648297434,-0.09773672189130202,-0.015961812498455873,-0.09564119027667611,0.07572329046853508,0.2970145267131351,0.01600314281999897,-0.12263569079456266,0.2839902468606749,0.28204112517863855,-0.04108311013310334,0.025652379564581246,0.017277041054668405,-0.028032147172954287,0.04859092540669371,0.03422103473485675,0.31486824195125374,0.045500093725922765,0.023137913700067816,0.09209313780263514,0.08411329342921608,0.20115790452617838,0.16227636937515666,0.2251035325029521
goal_assist,0.005975447690028945,0.007711715428933942,-0.052325919374545365,-0.03417812160386179,1.0,-0.04104916273705385,-0.05021558830445511,-0.05578136636091208,0.031794339096210336,0.029030840663336485,0.05151557013350589,0.003059056800094251,0.10488220404392369,0.16163701911564501,0.009404771118768127,0.04651620275255556,0.044442309449227925,0.0335222325142199,0.05861928801976151,0.030649304734523746,-0.0384699872792776,-0.019772901004664816,-0.01616423734710622,0.011454298222657878,0.004091570163029854,0.08049953803504441,0.34155280161892243,-0.0006532355555560293,0.04374271133472618,0.07889627190712475,0.03406929881635788,0.07911673116222269,0.06617767644231679,0.4565722685026256,-0.014621914257470328,0.3420610166626204,-0.016190418699518788,0.04341179874559204,0.01175744457489063,0.05531287426027628,-0.009951210819922469,-0.03281663035814479,-0.0016667361061681544,0.0463467659866325,-0.034241063777290213,-0.03389891024345089,0.019086365709522646,-0.006461000851780771,-0.008008898142405425,0.027326312702040906,-0.0034369636806997924,0.017735655855842292,0.025561185568016,0.12977640435035037,0.013549755108590729,-0.001502658995140962,0.003981655754147496,-0.008552853341975518,-0.019250353515516617,0.2754927047501225
good_high_claim,0.026540471873832752,-0.02990008723466922,0.5128432706118314,0.37113520250520304,-0.04104916273705385,1.0,0.4596967967888003,0.502618675250608,0.12569593743491755,0.012585415150975953,0.11435609106123193,0.08280843338244247,-0.09993223965606712,-0.07101629586530493,-0.12396992324973954,-0.21045067993931318,-0.1786645798657982,-0.10368906370990372,-0.07969377900659023,-0.04780347119100032,-0.033337399920120504,-0.06848706166042696,-0.1030494995493609,-0.14001425537088122,-0.14011629393816286,-0.07699580371463609,-0.08567470770792181,-0.07095516267745391,-0.09738418825691544,-0.08746806251896709,-0.09291559484672839,-0.11503445697594102,-0.08938636687184989,-0.0480394907099112,-0.01335500693690995,-0.10777787127489824,0.01986202974883693,-0.04568950744342887,-0.008098982999480128,-0.07528513051214109,0.10092099459832897,0.3806720814922688,0.004536432812202784,-0.047765040101080236,0.2889588243088477,0.2888942778106185,-0.02525589554672294,-0.01539262730061161,0.026119799552687933,-0.013560228428264522,0.020770022621936474,-0.17722273376675654,-0.06049320588251648,0.011745952500010714,0.043297648491542315,0.030685732282412236,-0.013959181411841678,0.1793909851648932,0.13310692959439793,0.09975189275985252
saved_shots_from_inside_the_box,0.02083763722958124,-0.037913149141722904,0.5723921112396222,0.42477401173041296,-0.05021558830445511,0.4596967967888003,1.0,0.9251821280800197,0.156206097283442,0.00020102346273306147,0.09408783925602647,0.25104276078316184,-0.12410435908406965,-0.08846210963489233,-0.153856821447471,-0.26013593094054493,-0.23235951570333893,-0.12865641091985183,-0.09867835275019814,-0.0591911671358858,-0.051030522305648134,-0.08682744129886719,-0.12726341063653887,-0.17356003198238576,-0.17186298191864374,-0.09526287051585323,-0.10781178945632447,-0.10333773048301745,-0.1210113108468466,-0.10782332277621437,-0.11415634869378899,-0.143889329664597,-0.11310484300945496,-0.05881818732150954,-0.016536423569432728,-0.13272530813775218,0.026779510444912145,-0.056573617021130354,-0.0100283147731577,-0.09321948034246676,0.19716848594068212,0.3997118912581427,0.015495648977249902,-0.059143581029479836,0.3762919429371161,0.37171039086571195,-0.031272330172416526,-0.019059443854412654,0.011692378455668775,-0.016790532722847924,0.033171078505190195,-0.18969342189083913,-0.06248816826520425,,-0.04820275016418058,0.033248894262722636,-0.015125183993816698,0.18243081977648368,0.14774150012872467,0.1780703994710636
saves,0.018613723978456297,-0.044081792478282644,0.6220399373638608,0.4677854148659155,-0.05578136636091208,0.502618675250608,0.9251821280800197,1.0,0.17261675734083548,-0.0036036051451529714,0.09369804774042373,0.21712706658240086,-0.13724764455408725,-0.09783069885119795,-0.16992271620584629,-0.28794935321323945,-0.25653406248332006,-0.14283102205494744,-0.10912889429022923,-0.06545981404492375,-0.055227296791721815,-0.09602291078958182,-0.14102341454576928,-0.19199351193923528,-0.19041241147078683,-0.10538195438457643,-0.11963112053473492,-0.11353608825219189,-0.1336115922384818,-0.11943707050211962,-0.12623975721024458,-0.15922468965271602,-0.12524485292395157,-0.06613954648591086,-0.01828771528255442,-0.14699904433030705,0.018957908167146636,-0.06256505200430074,-0.011090364525636857,-0.1030918994142082,0.20085955376059023,0.4565518902323385,0.011298923286497436,-0.06540718832681156,0.40417666141248604,0.3965564287447208,-0.034584229656062435,-0.019918571514926545,0.014442069303855698,-0.018568735893137563,0.043344152621738026,-0.20461771629025408,-0.06618205556006669,,-0.08524542023473654,0.034335700131442125,-0.015619580547279696,0.20320837097042463,0.16173100355535336,0.1858878114253887
minutes_played,0.5725424171539325,0.5180424079660116,0.37934853592198503,0.35801780527346466,0.031794339096210336,0.12569593743491755,0.156206097283442,0.17261675734083548,1.0,0.6641258944135656,0.480672521713467,-0.012968489026788198,0.11568368614716398,0.08003428092016221,0.18573742036453864,0.24699905894146265,0.33907242035975554,0.08244832661991773,0.07754576514057897,0.04445580575932024,0.33809902067557834,0.18324903270186738,0.23524632821929894,0.23196041609337678,0.16644297185412432,0.06266271443875847,0.08958655304307461,0.24097073906281352,0.1810638617238043,0.09156705254742904,0.13460877518293207,0.07562328781419866,0.06107658990795155,0.05033442346388293,0.04359791394642903,0.1394692092590201,0.0529662157237017,0.02960194636441483,0.021111990925209493,0.065933073291692,0.031362180501209015,0.10449938466101558,0.01507128991370624,0.066896223605744,0.11186857197368688,0.11121945878036571,0.02900615036999563,0.046815432986763564,0.03077726888990897,0.01663094823369972,0.035925878142191246,0.07395553025296259,-0.01387311461899991,-0.009477562440249115,0.11245069499135647,0.0010709505441943486,0.11876345639033713,0.10807217132349874,0.07773114993143464,0.28554949690075543
touches,0.9537064633257172,0.9286674823039645,0.35244586177982523,0.4101650188621409,0.029030840663336485,0.012585415150975953,0.00020102346273306147,-0.0036036051451529714,0.6641258944135656,1.0,0.45919386861615735,0.023115455365583976,0.2201650774842051,0.17012503771444298,0.06705906718375766,0.13402588515797892,0.37975110433385606,0.012254880758238839,-0.0054004956121713596,-0.02703786149258203,0.3542582511648626,0.22980629438647934,0.3168785349611821,0.32985097425396903,0.10571982684872198,-0.047433381382411405,0.17314989046474605,0.244912291300887,0.14024241098743745,0.051054800896244555,0.1527815144438691,0.0627823319257152,0.08184483952588115,0.06456064483290631,0.05360839180129444,0.19466863274551083,0.0731363561666151,-0.05141704062618931,-0.007022246712451776,0.032361407312198935,0.003541650519454449,-0.00488618806497078,0.01906241498741557,-0.08099794612270465,-0.01039890827844548,-0.010878990639531695,-0.0022496042507316495,0.07768950564032048,0.02792618653027625,-0.0016179450297324253,0.03517038217256762,0.3204074446926964,0.07031445249766828,0.028495753980076647,-0.06899391930683949,0.07800619498854486,0.11946050260324373,0.18199885287274703,0.14430177323704524,0.35869314822666015
possession_lost_ctrl,0.2869955922546686,0.16203057453037983,0.3311057722970274,0.1760860964978855,0.05151557013350589,0.11435609106123193,0.09408783925602647,0.09369804774042373,0.480672521713467,0.45919386861615735,1.0,0.04551327148432469,0.48730555517888785,0.278002421251468,0.08760850598377808,0.3509744308708885,0.3214474743535,0.31600563392267106,0.11414363705742621,0.06249791885214213,0.020014036944387904,-0.03475694877641403,0.05897115989351237,0.16791902623499572,0.10673522208230914,0.08766153476275881,0.22711183858405393,0.14331014600642514,0.2145342703472572,0.10941290689409561,0.14094797330106937,0.3610480186231673,0.23067141535480243,0.111606000761057,-0.0027386554482339773,0.2603936630289168,0.05086214411827231,0.03804218921770598,0.025299975290002077,0.1259819225326429,0.03871948637004089,0.061885701353633374,-0.023732553792872323,0.06649560182483669,0.026620678512564205,0.029201057926624887,0.04131382638762399,-0.016156971286754876,-0.010012682648293298,0.02010715291982234,0.01399878042227475,-0.37335064287416553,-0.18152551000620795,-0.11706624406306539,0.09079445139046609,-0.12115522183728553,0.03793347247882379,0.00584430412433359,0.05724745887799162,0.16478918274762708
goals_prevented,0.0071578541711111955,-0.001286662113047448,0.01850360961146997,-0.014179600001530726,0.003059056800094251,0.08280843338244247,0.25104276078316184,0.21712706658240086,-0.012968489026788198,0.023115455365583976,0.04551327148432469,1.0,0.009188995762331516,0.006549954865092873,0.011812825248843898,0.020256774800835965,0.02400980445658497,0.009946454214074087,0.007306390943457404,0.004382661398788305,0.012267719914913832,0.0064289199512235174,0.009590983831161843,0.011717709730221518,0.01387723439595736,0.007054796188061742,0.008745950607411778,0.015671405919082514,0.015689434323927734,0.007991846898777428,0.00938296159191853,0.010231843974741233,0.0076694062028370424,0.00541367277315005,0.0012243979762282333,0.008963209038302037,0.016624284025443695,0.004188851470678654,0.0007425213959765106,0.006902202437977304,0.20141029306418629,0.029063797142974426,0.0018781324669808104,0.004379138004982192,-0.08291546019402579,-0.08370655092223378,0.00231548119303292,-0.002537993528224804,-0.0320688005363364,0.0012432128506704588,-0.06062035043917592,-0.030421586727991338,-0.010595724718714766,,0.0030083464584401962,-0.016734742028300113,0.007612766014624431,0.01802314780495796,0.01591452004442264,0.24587014735981452
total_cross,0.061203376711018886,0.053192790423587474,-0.09490793007028776,-0.07282912586736669,0.10488220404392369,-0.09993223965606712,-0.12410435908406965,-0.13724764455408725,0.11568368614716398,0.2201650774842051,0.48730555517888785,0.009188995762331516,1.0,0.732875093693632,-0.07407896152710026,0.10398240862893389,0.09924307111764713,0.09512813767893523,0.08237469197224957,0.020316842126915525,-0.10136464126085001,-0.07871078723086455,-0.005008801652227109,0.08261149462956165,0.011425482619437401,0.03184640755641565,0.43157974899467527,-0.10940183318883263,0.13643977763543988,0.08343479080489395,0.11691975033473162,0.25559627230151155,0.20047958133616076,0.2225349526736142,-0.023483346906923427,0.4571130420194034,-0.005183237385474904,-0.009437245138791395,0.010491329695305883,0.14829821859526005,-0.024297477559250942,-0.08456226488110201,-0.021248628663959167,0.03689457854578563,-0.08787792409200457,-0.08719787115650442,0.027461494503349927,-0.022289279992230585,-0.016774323846002314,0.009530993846332493,-0.025404474951207734,0.0424562947764435,0.008811642140351083,0.03305598487049757,,-0.012490955514943105,0.01715152333198978,-0.020798506938940534,-0.05934305713328145,0.1751494233751849
accurate_cross,0.05909541928889253,0.05459455807325769,-0.057775041844252535,-0.039170433316188004,0.16163701911564501,-0.07101629586530493,-0.08846210963489233,-0.09783069885119795,0.08003428092016221,0.17012503771444298,0.278002421251468,0.006549954865092873,0.732875093693632,1.0,-0.05574464000239979,0.0653888822769833,0.06883739720087677,0.047385019578882595,0.06571217225504722,0.013860549844558385,-0.07391423274162671,-0.04833153954130619,-0.001176912676025338,0.05479316561431058,0.004494572377015629,0.015542144364490619,0.5250518353620555,-0.071941742750076,0.09457716983356435,0.05867933257123465,0.0902569647044929,0.17765645751549522,0.1360288938588425,0.3069970704854173,-0.021705048616639445,0.545418985571003,-0.006084060172952704,-0.013143507123506457,-0.0006781067141180101,0.1045396459839232,-0.01731934429669595,-0.06027633841466785,-0.02064902567464897,0.02337767568524858,-0.06263975425913589,-0.062155009663685985,0.00961762915063722,-0.023142685314865293,-0.018156094532297967,0.0064251914241148095,-0.023085109332016115,0.0396984934433857,0.01702553628315149,0.6245582674454488,,-0.0026156386041621587,0.01384839489177211,-0.012147901690703494,-0.04002093280826948,0.20843533690034804
aerial_lost,0.03187887487105421,0.023421978266404637,-0.12610429875871962,-0.10535680506978784,0.009404771118768127,-0.12396992324973954,-0.153856821447471,-0.16992271620584629,0.18573742036453864,0.06705906718375766,0.08760850598377808,0.011812825248843898,-0.07407896152710026,-0.05574464000239979,1.0,0.6231644762519646,0.27258335037288317,0.09949146136119327,0.11356552687139383,0.07903482918018855,0.14752847510335756,0.0982942863697949,0.06798274016207095,0.05494808263336671,0.16691958828753894,0.15266408301512482,-0.009246808696803992,0.36590832796674966,0.09473458435204242,0.14848777911969435,0.017272901462784988,0.034794697581691916,0.010870535604634992,0.012813110586232386,0.023798041481810958,0.026850236859623098,-0.0025893446509212804,0.09524193054243564,0.04997077636062068,0.05766922370121361,-0.030748817997903327,-0.10633686864060385,0.0009805342008526424,0.11619751830951724,-0.10990457663428983,-0.10899646224163184,0.029635853313609725,0.03917818786397628,0.003269902192674607,0.013729220072048938,0.0075844330336685166,-0.08774320226072509,-0.000356543335789604,-0.012256271555462125,0.023559303396650563,-0.030342693458497494,-0.01707455348413989,-0.2634666551588834,-0.4860010656787343,0.011999563282095586
duel_lost,0.005737134403420316,0.0007698400377730723,-0.2648299880439158,-0.2102940409661839,0.04651620275255556,-0.21045067993931318,-0.26013593094054493,-0.28794935321323945,0.24699905894146265,0.13402588515797892,0.3509744308708885,0.020256774800835965,0.10398240862893389,0.0653888822769833,0.6231644762519646,1.0,0.4069927746061644,0.5505541251019358,0.19774099798018088,0.127669422615831,0.00941601833114952,0.029882691720129247,0.08238989438769898,0.1991766626869505,0.5486380808587132,0.2029901164946397,0.11449311243585587,0.22646557796551564,0.2633178103887668,0.19994557183923442,0.400959518297824,0.45735523107458453,0.23685554293110603,0.0684374841717481,0.004902820463076967,0.17992825975108911,-0.002816590262611237,0.1105802485193861,0.05761251175901922,0.1537399721825397,-0.05055837455591839,-0.1772168060003685,-7.10337416019441e-05,0.16361187780447708,-0.1851840742464255,-0.18430057534727406,0.0606932663965953,0.004845858334847761,-0.006247273165133763,0.027890413870270303,-0.01574162654989246,-0.052001384299061676,0.04227321896048894,-0.019167973788091132,-0.16144450318698614,-0.2553071051204651,0.2265541292652637,-0.4789182671411764,-0.33314703053925054,-0.05831137368868776
duel_won,0.2400347090368658,0.21959924762953462,-0.11915197171864308,-0.07037662887642017,0.044442309449227925,-0.1786645798657982,-0.23235951570333893,-0.25653406248332006,0.33907242035975554,0.37975110433385606,0.3214474743535,0.02400980445658497,0.09924307111764713,0.06883739720087677,0.27258335037288317,0.4069927746061644,1.0,0.19343282258147443,0.14107187091878834,0.07327663671188263,0.22945998088978167,0.1186166776282115,0.2031515225817275,0.60933454357386,0.24622905460875358,0.11809943242144938,0.11266282802683122,0.6183483765179152,0.569272264524977,0.17423465470143076,0.17558377562611427,0.34909344008471954,0.3930977657292311,0.062009822792572285,0.015078231051473542,0.15706015223715492,0.014250135836671398,0.05750003419986638,0.011405235198492899,0.11589069196679419,-0.04352739729833988,-0.14662431314996768,0.0033163408327042784,0.06909906664892393,-0.16827398133524527,-0.16690018473939564,0.037933589779664975,0.06202603861829984,0.007722553022910782,0.05490748591717121,-0.00396553672422174,0.005909829480806145,0.031916355821362506,-0.0015571417280035138,0.000569780921748894,0.2459319701444745,0.037209719692263096,0.4250231318812909,0.27557272779447256,0.3347171478380738
dispossessed,-0.09125911245882055,-0.09013669754526282,-0.20860284346295677,-0.17337443108087927,0.0335222325142199,-0.10368906370990372,-0.12865641091985183,-0.14283102205494744,0.08244832661991773,0.012254880758238839,0.31600563392267106,0.009946454214074087,0.09512813767893523,0.047385019578882595,0.09949146136119327,0.5505541251019358,0.19343282258147443,1.0,0.17332694562012452,0.12754015473682118,-0.15521017460712147,-0.08152760545116107,-0.04243427075084887,0.04821504465623107,0.11015070973173294,0.17949600252788656,0.11663083004348378,0.01414573613044273,0.20593537251619307,0.13362055958195734,0.08752942721560984,0.30934607883820175,0.2431733211639789,0.05446233135954051,-0.016535054414942487,0.15925551813667255,-0.002800463934905426,0.0862936306075583,0.03293186250636327,0.15228041451906246,-0.025454497256128607,-0.08758205049205314,-0.025712980790702087,0.12931921684433323,-0.09157751414252041,-0.09084744004501741,0.04394720612340111,-0.03735694757080863,-0.008464495196403255,0.021307008644851928,-0.02743230407877524,-0.03806402346945151,0.05427110390268311,-0.04570953089456863,0.013549755108590794,-0.007972751545857533,-0.0022132358253660407,-0.25475595769123643,-0.08526397755555565,-0.03382092533821358
on_target_scoring_attempt,-0.0686936176920515,-0.06750266117748091,-0.15397877931856596,-0.124454519284376,0.05861928801976151,-0.07969377900659023,-0.09867835275019814,-0.10912889429022923,0.07754576514057897,-0.0054004956121713596,0.11414363705742621,0.007306390943457404,0.08237469197224957,0.06571217225504722,0.11356552687139383,0.19774099798018088,0.14107187091878834,0.17332694562012452,1.0,0.5891915709014861,-0.11247578082024104,-0.08094004294483892,-0.05338551562948781,-0.01906643103166055,0.05575052336724343,0.6200494664846234,0.13069767967613474,0.06082216562616792,0.1560810866736202,0.17615132469776731,0.007912720432765523,0.2143029903623041,0.1643467194216497,0.08428006635959225,-0.011209544561967837,0.1721011730079053,-0.013769120072394088,0.359864098332372,0.11414847234125648,0.1721160566774806,-0.01931950722139903,-0.06723748516875591,-0.023203023962803986,0.17638312587548896,-0.06987384533875823,-0.06933311893757964,0.1220121851213435,-0.029852876523189943,-0.022524168604275713,0.06997301385149812,-0.027474430073559652,-0.03510044122338592,0.04642746206422576,-0.008331328936855339,,-0.013629624323512154,-0.06095112265754136,-0.04119903590805313,-0.0478420953277538,0.36674827515842817
goals,-0.06036535277886483,-0.06093651179435851,-0.09912162270840352,-0.08286548435706781,0.030649304734523746,-0.04780347119100032,-0.0591911671358858,-0.06545981404492375,0.04445580575932024,-0.02703786149258203,0.06249791885214213,0.004382661398788305,0.020316842126915525,0.013860549844558385,0.07903482918018855,0.127669422615831,0.07327663671188263,0.12754015473682118,0.5891915709014861,1.0,-0.07601954428055434,-0.04210528877999119,-0.042875088399797846,-0.025816110804861764,0.03228600186232014,0.5885866556817655,0.060917289984193455,0.02776787505783499,0.10158265228437398,0.09526534547531812,0.0031878618642095036,0.11570751469425665,0.08837761191783143,0.0537245735599055,0.00907966570167619,0.10343164957248215,-0.019668748880461693,0.10477588505836308,0.03831236196366663,0.10322779768936961,-0.011588602252204523,-0.040331694961461384,-0.019034059003788188,0.11851384930604758,-0.041913087750293586,-0.04158873873255108,0.04776254069374774,-0.01614785457257787,-0.0167854655075574,0.09014103442125145,-0.02047450036633048,-0.03955078823722612,0.027896282778584927,-0.01803759103907763,,0.0018938106006235582,-0.034528969664939804,-0.035855014622047654,-0.04093101059173978,0.45727692853908075
total_clearance,0.3006365996757167,0.28776013022165,0.1750493509249557,0.15377560988184855,-0.0384699872792776,-0.033337399920120504,-0.051030522305648134,-0.055227296791721815,0.33809902067557834,0.3542582511648626,0.020014036944387904,0.012267719914913832,-0.10136464126085001,-0.07391423274162671,0.14752847510335756,0.00941601833114952,0.22945998088978167,-0.15521017460712147,-0.11247578082024104,-0.07601954428055434,1.0,0.32753573435667294,0.28281529000623556,0.1805643727377265,0.07070889229280064,-0.12282512087185489,-0.11018968276797703,0.3673460954033571,-0.05413960204167197,-0.08110344581508133,0.03097302956160965,-0.1789391490397894,-0.1318240983215655,-0.05339362295010531,0.07434284862293469,-0.127738681317656,0.051098483760206655,-0.07516428508624724,-0.024060376465861684,-0.11879382584845863,-0.006098908531793823,0.037341531470393895,0.0454957865461085,-0.08118729935496877,-0.005351622676507683,-0.003899644782478487,-0.04232875409703305,0.10452505230940014,0.03510253556831521,-0.016280800848470722,0.030868544690970393,0.09145081954768694,-0.08075898112164377,0.014854225682970066,0.1279665396062428,0.0376464441735284,0.091284666868789,0.15134698315719675,0.16584917541365302,0.11757961980152776
outfielder_block,0.21425881496454502,0.2193404082036081,0.047218022694968005,0.06207801669254374,-0.019772901004664816,-0.06848706166042696,-0.08682744129886719,-0.09602291078958182,0.18324903270186738,0.22980629438647934,-0.03475694877641403,0.0064289199512235174,-0.07871078723086455,-0.04833153954130619,0.0982942863697949,0.029882691720129247,0.1186166776282115,-0.08152760545116107,-0.08094004294483892,-0.04210528877999119,0.32753573435667294,1.0,0.19502358565773042,0.12379417990017304,0.059965406353313634,-0.07481302669863463,-0.0570849690418921,0.15669597488338838,-0.031954014534211796,-0.03786101591807665,0.04069528363982416,-0.08746451496865532,-0.05159850673672704,-0.028057053135219952,0.20444136186406536,-0.0686227294002323,0.03526579499968914,-0.05307826782320314,-0.016479625871086992,-0.05964496272136183,-0.01699930463407218,-0.05916250762061761,0.021241279859826143,-0.05058711954843065,-0.0614822505178566,-0.06100646339181977,-0.021314668997946058,0.05336812983323853,0.022604294872241932,-0.0033048848810891137,0.02240333128017746,0.11604885937725638,0.0006623891532069564,0.050287541332958235,,0.061989175029436384,0.05225445626715932,0.04899408035449893,0.05311948665356465,0.138820651160784
interception_won,0.2681993258926755,0.2674684891025204,0.02891101116122032,0.042262938321065695,-0.01616423734710622,-0.1030494995493609,-0.12726341063653887,-0.14102341454576928,0.23524632821929894,0.3168785349611821,0.05897115989351237,0.009590983831161843,-0.005008801652227109,-0.001176912676025338,0.06798274016207095,0.08238989438769898,0.2031515225817275,-0.04243427075084887,-0.05338551562948781,-0.042875088399797846,0.28281529000623556,0.19502358565773042,1.0,0.21675504883909835,0.10053271011086014,-0.07613752961028833,-0.01749315744725532,0.14420556147050423,0.04485672525178836,-0.02488869214885728,0.11710255738979926,-0.03103581396956518,-0.009790676692598602,-0.014032738555560541,0.04241197343871733,-0.013841224488842237,0.0418128345313439,-0.04959283959221538,0.0007288859729044877,-0.036947845678209384,-0.025239466253947598,-0.08511722273350612,0.01656192380636763,-0.05731309385368972,-0.09076011035848784,-0.09003461147124792,-0.018144500829248542,0.0469582668924409,0.009535807795035963,-0.02033981309059307,0.0036324451687499435,0.12807444241997085,-0.020515904971861888,-0.006581144885687032,0.013549755108590692,0.04458729118383341,0.09229313754588044,0.06085138781402129,0.04337542347086143,0.12574043349736985
total_tackle,0.23088228203485792,0.2249568584113751,-0.04577424450215236,-0.01618336050859623,0.011454298222657878,-0.14001425537088122,-0.17356003198238576,-0.19199351193923528,0.23196041609337678,0.32985097425396903,0.16791902623499572,0.011717709730221518,0.08261149462956165,0.05479316561431058,0.05494808263336671,0.1991766626869505,0.60933454357386,0.04821504465623107,-0.01906643103166055,-0.025816110804861764,0.1805643727377265,0.12379417990017304,0.21675504883909835,1.0,0.18795803833008753,-0.050912887067293265,0.038840465775307406,0.09356739094270021,0.11943265041622875,-0.0032022999899963623,0.22593701033881086,0.06506274334328978,0.05873699646180113,0.023054919149092606,-9.635963423647436e-06,0.06974190491516502,0.018952402369554665,-0.0484214007717841,-0.010702602016730716,-0.00038644329297072926,-0.0341711582642334,-0.11856351977268662,0.006860055710024802,-0.0349831739739439,-0.12254226799630322,-0.1219092672984901,-0.019643882437710907,0.09824228452146823,-0.0009890642497039197,0.00078313313487754,0.014186494333773943,0.10058497824726045,-0.012128537259061416,-0.00819421509501529,-0.16783720791877457,0.025490044324045908,0.15635936163045563,0.27950941344613506,0.028817097954042168,0.19648536100920175
fouls,0.058495857317602415,0.05883762274620046,-0.12321641108267212,-0.08080609100629506,0.004091570163029854,-0.14011629393816286,-0.17186298191864374,-0.19041241147078683,0.16644297185412432,0.10571982684872198,0.10673522208230914,0.01387723439595736,0.011425482619437401,0.004494572377015629,0.16691958828753894,0.5486380808587132,0.24622905460875358,0.11015070973173294,0.05575052336724343,0.03228600186232014,0.07070889229280064,0.059965406353313634,0.10053271011086014,0.18795803833008753,1.0,0.06189730651096385,0.002715757274296113,0.14292651878312185,0.13406285115292157,0.08026918669466578,0.1129213817899275,0.08879005361392976,0.060910002165121165,0.013902775635859845,0.008852472555308011,0.05269835089421982,-0.009060893871797107,0.03028565335976342,0.03038386232354088,0.0436996909853382,-0.032474002614382914,-0.11571749132535578,0.0699072929048875,0.06686040388649536,-0.123169905874012,-0.12258612039819385,0.025072511214773704,0.022881343721621775,-0.002853556333690568,0.005526257945601657,-0.009970996869713537,0.009584038125558777,0.02752166875456234,-0.007056888751829145,-0.13881854933408708,-0.021545927275791514,0.058301554686377065,-0.26084713453088926,-0.015805088286246872,-0.05880583460949807
expected_goals,-0.0989345821595435,-0.09760855434508803,-0.16594328398254204,-0.13601643560242976,0.08049953803504441,-0.07699580371463609,-0.09526287051585323,-0.10538195438457643,0.06266271443875847,-0.047433381382411405,0.08766153476275881,0.007054796188061742,0.03184640755641565,0.015542144364490619,0.15266408301512482,0.2029901164946397,0.11809943242144938,0.17949600252788656,0.6200494664846234,0.5885866556817655,-0.12282512087185489,-0.07481302669863463,-0.07613752961028833,-0.050912887067293265,0.06189730651096385,1.0,0.11937432106809813,0.08126008767563929,0.1366637735522345,0.4218593757010558,-0.01825920441638356,0.1701551846084236,0.1264713702462523,0.0895837358040713,-0.0004251175527551958,0.15498876035460304,-0.026752576521590774,0.5574670120657589,0.24242858543777213,0.2793292170962344,-0.01866545926701905,-0.06496120870226472,-0.006098272925117258,0.21410782230740136,-0.0675083168040627,-0.06698589630440172,0.18921678727537902,-0.019004537467809654,-0.019966888952768047,0.12229496911765188,-0.0255018166745484,-0.0604676951767575,0.05946601610422761,-0.017716972604385185,,-0.007675582823735199,-0.06587169237288239,-0.053802815171271653,-0.05380331895266673,0.2702106575908662
expected_assists,0.10178446120484252,0.10312485565144215,-0.09587092715368845,-0.045611605831825,0.34155280161892243,-0.08567470770792181,-0.10781178945632447,-0.11963112053473492,0.08958655304307461,0.17314989046474605,0.22711183858405393,0.008745950607411778,0.43157974899467527,0.5250518353620555,-0.009246808696803992,0.11449311243585587,0.11266282802683122,0.11663083004348378,0.13069767967613474,0.060917289984193455,-0.11018968276797703,-0.0570849690418921,-0.01749315744725532,0.038840465775307406,0.002715757274296113,0.11937432106809813,1.0,-0.031769816154628504,0.11993811872254959,0.135159526412609,0.07243082893189247,0.22637055894350117,0.19319901505210688,0.581608021634685,-0.016236200131793502,0.6048103069983891,0.00042160175821072117,0.055809741308747565,0.011517511083471457,0.15731147249567975,-0.02022473773206804,-0.07427430398374488,-0.016858624035829082,0.07091865636126223,-0.07592145202180986,-0.07526052181863076,0.0387061932290488,-0.01597448103923068,-0.020525338269665207,0.039985197459752785,-0.008118904490887816,0.07882599431863858,0.0831953192971956,0.3039860239277115,0.016502071702584036,0.018308015358515832,-0.010203253665539825,-0.010726335241253073,-0.04610459368148932,0.3265575239412968
aerial_won,0.22333096457967122,0.19546354136056476,0.008419059040201831,0.020672276439747818,-0.0006532355555560293,-0.07095516267745391,-0.10333773048301745,-0.11353608825219189,0.24097073906281352,0.244912291300887,0.14331014600642514,0.015671405919082514,-0.10940183318883263,-0.071941742750076,0.36590832796674966,0.22646557796551564,0.6183483765179152,0.01414573613044273,0.06082216562616792,0.02776787505783499,0.3673460954033571,0.15669597488338838,0.14420556147050423,0.09356739094270021,0.14292651878312185,0.08126008767563929,-0.031769816154628504,1.0,0.08048105123247858,0.1311305114568961,-0.001469809719458347,-0.05555013878546853,-0.046103494443582554,-0.012033297725475641,0.03203184437362535,-0.0270353927583863,0.019215851133603464,0.06411178400889853,0.014673215466511623,0.02695564594718768,-0.015818462291683273,-0.045784609968550646,0.022308380551848358,0.053039600074353814,-0.07772748571533093,-0.07720600133827973,0.017266369931420233,0.05397890552704311,0.03126305283266849,0.006285682236948875,0.004803122782400634,-0.07896698140625263,-0.012477995178736948,0.003047666050191307,-0.01216691035321784,0.005689509035618266,0.017405395975687545,0.2633598970640222,0.4933797526435499,0.16233674125494413
was_fouled,0.030235206363086912,0.024708771840844093,-0.11353569288834087,-0.07710027231723177,0.04374271133472618,-0.09738418825691544,-0.1210113108468466,-0.1336115922384818,0.1810638617238043,0.14024241098743745,0.2145342703472572,0.015689434323927734,0.13643977763543988,0.09457716983356435,0.09473458435204242,0.2633178103887668,0.569272264524977,0.20593537251619307,0.1560810866736202,0.10158265228437398,-0.05413960204167197,-0.031954014534211796,0.04485672525178836,0.11943265041622875,0.13406285115292157,0.1366637735522345,0.11993811872254959,0.08048105123247858,1.0,0.14474768978076388,0.09590164604256671,0.24115439771062538,0.19077974213564036,0.06163469471775584,-0.009320360115937123,0.16850460244839713,-0.007099973927321128,0.06330325619717875,0.012703117175915766,0.11829446610343666,-0.027200595559554133,-0.09003965798587855,-0.01787515714769199,0.08688338991999661,-0.09168154093250376,-0.09005194735450014,0.05590868232911391,-0.01695855237050035,-0.009137905357850603,0.09670002002504188,-0.02295061858609155,-0.002621965946767574,0.053717255089909786,0.0028613979868084053,0.09201328565444883,-0.0014482121472201136,0.0012441924493652597,0.22430914544469782,-0.02063313087423649,0.21107006606636516
shot_off_target,-0.007282075820553121,-0.004266232466936632,-0.14225498982380455,-0.10220530278328338,0.07889627190712475,-0.08746806251896709,-0.10782332277621437,-0.11943707050211962,0.09156705254742904,0.051054800896244555,0.10941290689409561,0.007991846898777428,0.08343479080489395,0.05867933257123465,0.14848777911969435,0.19994557183923442,0.17423465470143076,0.13362055958195734,0.17615132469776731,0.09526534547531812,-0.08110344581508133,-0.03786101591807665,-0.02488869214885728,-0.0032022999899963623,0.08026918669466578,0.4218593757010558,0.135159526412609,0.1311305114568961,0.14474768978076388,1.0,0.0287202491581477,0.16485688052958639,0.13406718290664688,0.09707637615733765,0.003699197300266572,0.1687965286341448,-0.02297158113868915,0.32675799443577497,0.06737930837327663,0.14537741772624668,-0.021204162815986156,-0.07379663293257196,-0.0013532724213770647,0.12546509919063512,-0.07669017517698201,-0.07609669986117262,0.24299305750842268,-0.025769159729786162,-0.008056393175043863,0.035656725724758656,-0.006644051118521441,-0.006046450364329137,0.06491375401277118,-0.01726801358362267,,-0.00035699232975192096,-0.024274076050640355,-0.035020224840000044,-0.02605863200643599,0.16822801066021187
challenge_lost,0.10005997137688066,0.0971349474740362,-0.0634203842889999,-0.03844646138494282,0.03406929881635788,-0.09291559484672839,-0.11415634869378899,-0.12623975721024458,0.13460877518293207,0.1527815144438691,0.14094797330106937,0.00938296159191853,0.11691975033473162,0.0902569647044929,0.017272901462784988,0.400959518297824,0.17558377562611427,0.08752942721560984,0.007912720432765523,0.0031878618642095036,0.03097302956160965,0.04069528363982416,0.11710255738979926,0.22593701033881086,0.1129213817899275,-0.01825920441638356,0.07243082893189247,-0.001469809719458347,0.09590164604256671,0.0287202491581477,1.0,0.10402633222934218,0.0833466104205663,0.029424286895441538,0.004458989477635892,0.1034832521087683,0.017613996088302983,-0.02003258075110324,-0.007394589297721984,0.03845556301681013,-0.02134233514070224,-0.07676285405454857,-0.013240121643244078,-0.012891377030188004,-0.07973976985900079,-0.0806208869095145,-0.0006851145720190868,0.0007021764968227156,0.003912570722980532,0.004551931418420528,0.01122119395330687,0.048650846968104094,0.010558727361060631,0.012534880693519856,-0.1485447196791124,-0.006135799016713435,0.862634746100956,-0.19863797253963897,-0.029500470484588263,-0.043410006080182244
total_contest,-0.0827651213949542,-0.08360515457908714,-0.22128244244657605,-0.1822383359738132,0.07911673116222269,-0.11503445697594102,-0.143889329664597,-0.15922468965271602,0.07562328781419866,0.0627823319257152,0.3610480186231673,0.010231843974741233,0.25559627230151155,0.17765645751549522,0.034794697581691916,0.45735523107458453,0.34909344008471954,0.30934607883820175,0.2143029903623041,0.11570751469425665,-0.1789391490397894,-0.08746451496865532,-0.03103581396956518,0.06506274334328978,0.08879005361392976,0.1701551846084236,0.22637055894350117,-0.05555013878546853,0.24115439771062538,0.16485688052958639,0.10402633222934218,1.0,0.794933671751342,0.11823141469442168,-0.0119727243027344,0.2532556990204945,-0.012489396372481356,0.09148647690965143,0.031699500144187126,0.18468051779922365,-0.028375062915300956,-0.09875344386718257,-0.021609620100585925,0.11568889957548292,-0.10130169260725597,-0.1004593762656797,0.06736557554936955,-0.03894398715574268,-0.022930182186853172,0.041662934890452814,-0.026044791683157847,-0.023994541242218156,0.06672381950510971,0.0009269763089555414,0.023559303396650636,-0.0032705031170176197,-0.20088446897849516,-0.07837014844388768,-0.09094007063243449,0.08824091997987575
won_contest,-0.026780658151476677,-0.027433305947657687,-0.15558694637445233,-0.11785386768781722,0.06617767644231679,-0.08938636687184989,-0.11310484300945496,-0.12524485292395157,0.06107658990795155,0.08184483952588115,0.23067141535480243,0.0076694062028370424,0.20047958133616076,0.1360288938588425,0.010870535604634992,0.23685554293110603,0.3930977657292311,0.2431733211639789,0.1643467194216497,0.08837761191783143,-0.1318240983215655,-0.05159850673672704,-0.009790676692598602,0.05873699646180113,0.060910002165121165,0.1264713702462523,0.19319901505210688,-0.046103494443582554,0.19077974213564036,0.13406718290664688,0.0833466104205663,0.794933671751342,1.0,0.10210692818025566,-8.671311411956163e-05,0.21577853407811204,-0.010003799298371549,0.057424687337836955,0.008102689230594788,0.16251764569675192,-0.022484833796906037,-0.07825373916715908,-0.016858179148096317,0.06450511828838516,-0.07911033633181298,-0.07840059494522823,0.04275930088880478,-0.03167859700883211,-0.018402216441800578,0.03127021205828187,-0.013442191055777914,0.005607076185187883,0.07578249666564091,-0.0005016144897011334,0.023559303396650636,0.6290694317967204,-0.13677716268219228,0.11794296645807292,-0.06297978932885312,0.20143789313473975
big_chance_created,0.01968988001588023,0.020631276877886042,-0.058839000102282435,-0.03234374352671097,0.4565722685026256,-0.0480394907099112,-0.05881818732150954,-0.06613954648591086,0.05033442346388293,0.06456064483290631,0.111606000761057,0.00541367277315005,0.2225349526736142,0.3069970704854173,0.012813110586232386,0.0684374841717481,0.062009822792572285,0.05446233135954051,0.08428006635959225,0.0537245735599055,-0.05339362295010531,-0.028057053135219952,-0.014032738555560541,0.023054919149092606,0.013902775635859845,0.0895837358040713,0.581608021634685,-0.012033297725475641,0.06163469471775584,0.09707637615733765,0.029424286895441538,0.11823141469442168,0.10210692818025566,1.0,0.0010091305694765595,0.4454755480662484,-0.004011176409854899,0.05060913747289232,0.003088276352392858,0.07881485589911943,-0.012518240760805398,-0.0421858468816916,-0.016326302096945147,0.06314904396943534,-0.04394465173651515,-0.04354589638890982,0.027606192919466293,-0.006971363539789603,-0.018131996761371685,0.010980783360342916,-0.004117363845518995,0.025982911185320944,0.045834337531690104,0.21270048556598745,0.013549755108590729,0.014264987257545459,-0.00888702885299922,0.002231324032923727,-0.03324716447711914,0.318060505757355
clearance_off_line,0.05396654334575691,0.05386558441131876,0.01767605311706542,0.022775173939984614,-0.014621914257470328,-0.01335500693690995,-0.016536423569432728,-0.01828771528255442,0.04359791394642903,0.05360839180129444,-0.0027386554482339773,0.0012243979762282333,-0.023483346906923427,-0.021705048616639445,0.023798041481810958,0.004902820463076967,0.015078231051473542,-0.016535054414942487,-0.011209544561967837,0.00907966570167619,0.07434284862293469,0.20444136186406536,0.04241197343871733,-9.635963423647436e-06,0.008852472555308011,-0.0004251175527551958,-0.016236200131793502,0.03203184437362535,-0.009320360115937123,0.003699197300266572,0.004458989477635892,-0.0119727243027344,-8.671311411956163e-05,0.0010091305694765595,1.0,-0.018975345394833892,-0.006003268165704811,-0.002650736172516631,-0.0038266640720371354,-0.012149309624592203,-0.0032375444630142144,-0.011267593180326604,0.0043634724250815535,-0.006529444578405658,-0.011709391885287804,-0.011618777474367308,-0.004069234058884061,0.005614365377647037,0.016084270649344076,-0.006407031467825934,0.0036092977395498415,0.02275172261813972,0.010102996953574783,-0.01534276496100416,,0.018291259510726434,-0.004038647561917395,0.012305141225846443,0.013719288699478988,0.09440924487404213
key_pass,0.10894976579779965,0.11091347265725093,-0.11347605038112915,-0.051339754282745245,0.3420610166626204,-0.10777787127489824,-0.13272530813775218,-0.14699904433030705,0.1394692092590201,0.19466863274551083,0.2603936630289168,0.008963209038302037,0.4571130420194034,0.545418985571003,0.026850236859623098,0.17992825975108911,0.15706015223715492,0.15925551813667255,0.1721011730079053,0.10343164957248215,-0.127738681317656,-0.0686227294002323,-0.013841224488842237,0.06974190491516502,0.05269835089421982,0.15498876035460304,0.6048103069983891,-0.0270353927583863,0.16850460244839713,0.1687965286341448,0.1034832521087683,0.2532556990204945,0.21577853407811204,0.4454755480662484,-0.018975345394833892,1.0,-0.014044613092055264,0.06095071468088842,0.02786913034216115,0.1838580313873737,-0.0271874991257668,-0.0912645393317711,-0.01669640030201473,0.08142256309372599,-0.09602111349449557,-0.09517620235329441,0.054005904936421996,-0.02227380859927912,-0.010642974830049558,0.02437626811178977,-0.027854886168755817,0.08982290837951817,0.10887500170783952,0.30256320324084746,0.02573371107649916,0.026353960552845657,0.012271897325741426,-0.027084257490378284,-0.05783360321537022,0.38621448166856387
error_lead_to_a_shot,0.07016398434623368,0.06270996949751487,0.0476166704118826,0.04181766648297434,-0.016190418699518788,0.01986202974883693,0.026779510444912145,0.018957908167146636,0.0529662157237017,0.0731363561666151,0.05086214411827231,0.016624284025443695,-0.005183237385474904,-0.006084060172952704,-0.0025893446509212804,-0.002816590262611237,0.014250135836671398,-0.002800463934905426,-0.013769120072394088,-0.019668748880461693,0.051098483760206655,0.03526579499968914,0.0418128345313439,0.018952402369554665,-0.009060893871797107,-0.026752576521590774,0.00042160175821072117,0.019215851133603464,-0.007099973927321128,-0.02297158113868915,0.017613996088302983,-0.012489396372481356,-0.010003799298371549,-0.004011176409854899,-0.006003268165704811,-0.014044613092055264,1.0,-0.023993402071814482,-0.00795654734226957,-0.029816564947496696,0.030744230587231993,0.03073832742317339,0.00044587009900586797,-0.0041614950299437,0.012182119075403584,0.010994711388280622,0.004108086037712689,0.008574802650045078,0.009348738544646486,0.000699293634535818,-0.006267070653341938,0.008837539759195094,-0.003003078283715196,-0.005629042296874201,-0.04944635119001126,-0.0066458639962981,0.057977220199518884,0.012444425055870517,0.0252998646515926,-0.06709965774897919
big_chance_missed,-0.08014418315906388,-0.07857527856459663,-0.10959160891262254,-0.09773672189130202,0.04341179874559204,-0.04568950744342887,-0.056573617021130354,-0.06256505200430074,0.02960194636441483,-0.05141704062618931,0.03804218921770598,0.004188851470678654,-0.009437245138791395,-0.013143507123506457,0.09524193054243564,0.1105802485193861,0.05750003419986638,0.0862936306075583,0.359864098332372,0.10477588505836308,-0.07516428508624724,-0.05307826782320314,-0.04959283959221538,-0.0484214007717841,0.03028565335976342,0.5574670120657589,0.055809741308747565,0.06411178400889853,0.06330325619717875,0.32675799443577497,-0.02003258075110324,0.09148647690965143,0.057424687337836955,0.05060913747289232,-0.002650736172516631,0.06095071468088842,-0.023993402071814482,1.0,0.17352489723027265,0.11609488174413235,-0.011076131411995033,-0.038548147890455256,-9.683088840394453e-05,0.166060189944939,-0.04005960837221898,-0.03974960270754269,0.20926739626127044,-0.012270692000532388,-0.016043179127823354,0.04896573384061321,-0.019559501524034847,-0.047801182146466725,0.017626324270757728,-0.016359787006762147,,-0.024715147009363263,-0.023582403605285674,-0.031234205413017902,-0.017389680312685896,-0.05643016718782084
penalty_miss,-0.016478842183546078,-0.017909279249244184,-0.02209322457318321,-0.015961812498455873,0.01175744457489063,-0.008098982999480128,-0.0100283147731577,-0.011090364525636857,0.021111990925209493,-0.007022246712451776,0.025299975290002077,0.0007425213959765106,0.010491329695305883,-0.0006781067141180101,0.04997077636062068,0.05761251175901922,0.011405235198492899,0.03293186250636327,0.11414847234125648,0.03831236196366663,-0.024060376465861684,-0.016479625871086992,0.0007288859729044877,-0.010702602016730716,0.03038386232354088,0.24242858543777213,0.011517511083471457,0.014673215466511623,0.012703117175915766,0.06737930837327663,-0.007394589297721984,0.031699500144187126,0.008102689230594788,0.003088276352392858,-0.0038266640720371354,0.02786913034216115,-0.00795654734226957,0.17352489723027265,1.0,0.020744182157521048,-0.0019633698200144808,-0.006833096084758613,0.03564815921275583,0.04426805609203711,-0.007101019584729512,-0.007046067567331079,0.09609026849073808,-0.004410511663810237,-0.0028438353198430863,0.07125772528907605,-0.005011837844611411,-0.015681959031844654,0.026150098207049475,-0.018521180274871537,,-0.015710073457577908,-0.014145653032215951,-0.031205815404132746,-0.019524619195776215,-0.023928287486986083
blocked_scoring_attempt,-0.028110586630216285,-0.025583860693639836,-0.12824076277515067,-0.09564119027667611,0.05531287426027628,-0.07528513051214109,-0.09321948034246676,-0.1030918994142082,0.065933073291692,0.032361407312198935,0.1259819225326429,0.006902202437977304,0.14829821859526005,0.1045396459839232,0.05766922370121361,0.1537399721825397,0.11589069196679419,0.15228041451906246,0.1721160566774806,0.10322779768936961,-0.11879382584845863,-0.05964496272136183,-0.036947845678209384,-0.00038644329297072926,0.0436996909853382,0.2793292170962344,0.15731147249567975,0.02695564594718768,0.11829446610343666,0.14537741772624668,0.03845556301681013,0.18468051779922365,0.16251764569675192,0.07881485589911943,-0.012149309624592203,0.1838580313873737,-0.029816564947496696,0.11609488174413235,0.020744182157521048,1.0,-0.018250754835869864,-0.06351791707379463,0.001741433679776242,0.10911771820187595,-0.0660084341750003,-0.06549762068125561,0.05527022602878207,-0.021501723003077646,-0.017006812930169972,0.007718840981787848,-0.019642999299126343,0.005924448989584387,0.040403991359010905,-0.010355159557134286,,0.014531304569211272,-0.02540164813788208,-0.032859985308772044,-0.035736514811652534,0.11103851135904766
penalty_save,0.007616604166043222,-0.00839473566612182,0.1273797425900484,0.07572329046853508,-0.009951210819922469,0.10092099459832897,0.19716848594068212,0.20085955376059023,0.031362180501209015,0.003541650519454449,0.03871948637004089,0.20141029306418629,-0.024297477559250942,-0.01731934429669595,-0.030748817997903327,-0.05055837455591839,-0.04352739729833988,-0.025454497256128607,-0.01931950722139903,-0.011588602252204523,-0.006098908531793823,-0.01699930463407218,-0.025239466253947598,-0.0341711582642334,-0.032474002614382914,-0.01866545926701905,-0.02022473773206804,-0.015818462291683273,-0.027200595559554133,-0.021204162815986156,-0.02134233514070224,-0.028375062915300956,-0.022484833796906037,-0.012518240760805398,-0.0032375444630142144,-0.0271874991257668,0.030744230587231993,-0.011076131411995033,-0.0019633698200144808,-0.018250754835869864,1.0,0.1286543921940009,0.01754420654301093,-0.01157928571923937,0.05376849646156945,0.05598856839561191,-0.006122578982701569,-0.0037315080047324346,-0.0024060233979673476,-0.003287294620851306,0.016601147899044,-0.05055320659527845,-0.025657014111279162,,0.030533046578268157,,,0.0399260943902212,0.040573567170192504,0.0693999840262223
punches,0.006924267967306637,-0.03322788640132311,0.3927601264618137,0.2970145267131351,-0.03281663035814479,0.3806720814922688,0.3997118912581427,0.4565518902323385,0.10449938466101558,-0.00488618806497078,0.061885701353633374,0.029063797142974426,-0.08456226488110201,-0.06027633841466785,-0.10633686864060385,-0.1772168060003685,-0.14662431314996768,-0.08758205049205314,-0.06723748516875591,-0.040331694961461384,0.037341531470393895,-0.05916250762061761,-0.08511722273350612,-0.11856351977268662,-0.11571749132535578,-0.06496120870226472,-0.07427430398374488,-0.045784609968550646,-0.09003965798587855,-0.07379663293257196,-0.07676285405454857,-0.09875344386718257,-0.07825373916715908,-0.0421858468816916,-0.011267593180326604,-0.0912645393317711,0.03073832742317339,-0.038548147890455256,-0.006833096084758613,-0.06351791707379463,0.1286543921940009,1.0,0.02330104509226066,-0.04029927072621101,0.2598867164837095,0.25906624982956,-0.021308349577775696,-0.012986729487975097,0.023247961406952157,-0.011440738150401671,0.012353789088391505,-0.13599780006505566,-0.04084931361084087,,0.019010936597923373,,,0.16156402904707923,0.1440565293243242,0.08062187661198388
penalty_conceded,0.02102855989376739,0.022283668765001853,0.013578389849555285,0.01600314281999897,-0.0016667361061681544,0.004536432812202784,0.015495648977249902,0.011298923286497436,0.01507128991370624,0.01906241498741557,-0.023732553792872323,0.0018781324669808104,-0.021248628663959167,-0.02064902567464897,0.0009805342008526424,-7.10337416019441e-05,0.0033163408327042784,-0.025712980790702087,-0.023203023962803986,-0.019034059003788188,0.0454957865461085,0.021241279859826143,0.01656192380636763,0.006860055710024802,0.0699072929048875,-0.006098272925117258,-0.016858624035829082,0.022308380551848358,-0.01787515714769199,-0.0013532724213770647,-0.013240121643244078,-0.021609620100585925,-0.016858179148096317,-0.016326302096945147,0.0043634724250815535,-0.01669640030201473,0.00044587009900586797,-9.683088840394453e-05,0.03564815921275583,0.001741433679776242,0.01754420654301093,0.02330104509226066,1.0,-0.008038183529061252,-0.005732664608497372,-0.005289873200605637,0.0162435650153874,0.011340905683906407,-0.005914016577054077,0.004057070286859082,-0.0009727009070855212,0.0067765519172746135,-0.006895840795458015,-0.018941964720664985,0.01919906255207939,0.004264262549898044,-0.01036310086585078,-0.014854948246928543,0.022995514190495493,-0.09807546218020935
total_offside,-0.11953348498177618,-0.11823058400433738,-0.1332404176885321,-0.12263569079456266,0.0463467659866325,-0.047765040101080236,-0.059143581029479836,-0.06540718832681156,0.066896223605744,-0.08099794612270465,0.06649560182483669,0.004379138004982192,0.03689457854578563,0.02337767568524858,0.11619751830951724,0.16361187780447708,0.06909906664892393,0.12931921684433323,0.17638312587548896,0.11851384930604758,-0.08118729935496877,-0.05058711954843065,-0.05731309385368972,-0.0349831739739439,0.06686040388649536,0.21410782230740136,0.07091865636126223,0.053039600074353814,0.08688338991999661,0.12546509919063512,-0.012891377030188004,0.11568889957548292,0.06450511828838516,0.06314904396943534,-0.006529444578405658,0.08142256309372599,-0.0041614950299437,0.166060189944939,0.04426805609203711,0.10911771820187595,-0.01157928571923937,-0.04029927072621101,-0.008038183529061252,1.0,-0.04187939217120663,-0.04155530391039161,0.06648883816328167,-0.012660672945117446,-0.0038591478160186297,0.005523488059304963,-0.012336646203197103,-0.06969402501396336,0.015478785677121779,-0.011821670998356938,,-0.04988524893574038,-0.04826788021735819,-0.07104388954463392,-0.052468954509530555,0.03191067265969254
total_keeper_sweeper,0.0113490030004542,-0.020427418617691772,0.35709950770120147,0.2839902468606749,-0.034241063777290213,0.2889588243088477,0.3762919429371161,0.40417666141248604,0.11186857197368688,-0.01039890827844548,0.026620678512564205,-0.08291546019402579,-0.08787792409200457,-0.06263975425913589,-0.10990457663428983,-0.1851840742464255,-0.16827398133524527,-0.09157751414252041,-0.06987384533875823,-0.041913087750293586,-0.005351622676507683,-0.0614822505178566,-0.09076011035848784,-0.12254226799630322,-0.123169905874012,-0.0675083168040627,-0.07592145202180986,-0.07772748571533093,-0.09168154093250376,-0.07669017517698201,-0.07973976985900079,-0.10130169260725597,-0.07911033633181298,-0.04394465173651515,-0.011709391885287804,-0.09602111349449557,0.012182119075403584,-0.04005960837221898,-0.007101019584729512,-0.0660084341750003,0.05376849646156945,0.2598867164837095,-0.005732664608497372,-0.04187939217120663,1.0,0.985562227355981,-0.022143843111990053,-0.01349593497468773,-0.0010859116221692772,-0.011889325813956363,0.028195509185558017,-0.09592670054973332,-0.03514789724692854,,-0.018711853975000067,0.0289298176595703,-0.013160402013704102,0.12924608351861094,0.10365725121785904,0.025281670140769243
accurate_keeper_sweeper,0.011112272567149051,-0.021127241431911147,0.3570281161611154,0.28204112517863855,-0.03389891024345089,0.2888942778106185,0.37171039086571195,0.3965564287447208,0.11121945878036571,-0.010878990639531695,0.029201057926624887,-0.08370655092223378,-0.08719787115650442,-0.062155009663685985,-0.10899646224163184,-0.18430057534727406,-0.16690018473939564,-0.09084744004501741,-0.06933311893757964,-0.04158873873255108,-0.003899644782478487,-0.06100646339181977,-0.09003461147124792,-0.1219092672984901,-0.12258612039819385,-0.06698589630440172,-0.07526052181863076,-0.07720600133827973,-0.09005194735450014,-0.07609669986117262,-0.0806208869095145,-0.1004593762656797,-0.07840059494522823,-0.04354589638890982,-0.011618777474367308,-0.09517620235329441,0.010994711388280622,-0.03974960270754269,-0.007046067567331079,-0.06549762068125561,0.05598856839561191,0.25906624982956,-0.005289873200605637,-0.04155530391039161,0.985562227355981,1.0,-0.02197248055800212,-0.013391495204498713,-0.0007416353825052234,-0.011797318964631672,0.029897075051877647,-0.09883681750962221,-0.036521557378746315,,0.3604177114264159,0.0289298176595703,-0.013160402013704102,0.1342271903284306,0.10225462039562369,0.023885712371451703
hit_woodwork,-0.02096474340847743,-0.020292092939631044,-0.04962915902281343,-0.04108311013310334,0.019086365709522646,-0.02525589554672294,-0.031272330172416526,-0.034584229656062435,0.02900615036999563,-0.0022496042507316495,0.04131382638762399,0.00231548119303292,0.027461494503349927,0.00961762915063722,0.029635853313609725,0.0606932663965953,0.037933589779664975,0.04394720612340111,0.1220121851213435,0.04776254069374774,-0.04232875409703305,-0.021314668997946058,-0.018144500829248542,-0.019643882437710907,0.025072511214773704,0.18921678727537902,0.0387061932290488,0.017266369931420233,0.05590868232911391,0.24299305750842268,-0.0006851145720190868,0.06736557554936955,0.04275930088880478,0.027606192919466293,-0.004069234058884061,0.054005904936421996,0.004108086037712689,0.20926739626127044,0.09609026849073808,0.05527022602878207,-0.006122578982701569,-0.021308349577775696,0.0162435650153874,0.06648883816328167,-0.022143843111990053,-0.02197248055800212,1.0,-0.007207775530968192,-0.008868225528396466,0.03436158593893901,-0.015628931818815434,-0.0034786477780122116,0.01585283000982074,-0.03142084582252951,,-0.01222851915198543,-0.016188810461959493,-0.011031269455319027,-0.009329374925037048,0.062187688875670034
last_man_tackle,0.08027849554877452,0.0833613280727769,0.021751311327611343,0.025652379564581246,-0.006461000851780771,-0.01539262730061161,-0.019059443854412654,-0.019918571514926545,0.046815432986763564,0.07768950564032048,-0.016156971286754876,-0.002537993528224804,-0.022289279992230585,-0.023142685314865293,0.03917818786397628,0.004845858334847761,0.06202603861829984,-0.03735694757080863,-0.029852876523189943,-0.01614785457257787,0.10452505230940014,0.05336812983323853,0.0469582668924409,0.09824228452146823,0.022881343721621775,-0.019004537467809654,-0.01597448103923068,0.05397890552704311,-0.01695855237050035,-0.025769159729786162,0.0007021764968227156,-0.03894398715574268,-0.03167859700883211,-0.006971363539789603,0.005614365377647037,-0.02227380859927912,0.008574802650045078,-0.012270692000532388,-0.004410511663810237,-0.021501723003077646,-0.0037315080047324346,-0.012986729487975097,0.011340905683906407,-0.012660672945117446,-0.01349593497468773,-0.013391495204498713,-0.007207775530968192,1.0,-0.005404888142803839,0.005310035865716294,0.01024233408676572,0.04665458853558949,-0.0037600036209807287,-0.0238714362699961,,0.003850397662801084,0.008352210289561308,0.03924908991217093,0.013972235110252175,0.04407458023278192
own_goals,0.027873362125208564,0.02870670769310239,0.019036187079023825,0.017277041054668405,-0.008008898142405425,0.026119799552687933,0.011692378455668775,0.014442069303855698,0.03077726888990897,0.02792618653027625,-0.010012682648293298,-0.0320688005363364,-0.016774323846002314,-0.018156094532297967,0.003269902192674607,-0.006247273165133763,0.007722553022910782,-0.008464495196403255,-0.022524168604275713,-0.0167854655075574,0.03510253556831521,0.022604294872241932,0.009535807795035963,-0.0009890642497039197,-0.002853556333690568,-0.019966888952768047,-0.020525338269665207,0.03126305283266849,-0.009137905357850603,-0.008056393175043863,0.003912570722980532,-0.022930182186853172,-0.018402216441800578,-0.018131996761371685,0.016084270649344076,-0.010642974830049558,0.009348738544646486,-0.016043179127823354,-0.0028438353198430863,-0.017006812930169972,-0.0024060233979673476,0.023247961406952157,-0.005914016577054077,-0.0038591478160186297,-0.0010859116221692772,-0.0007416353825052234,-0.008868225528396466,-0.005404888142803839,1.0,0.01570179290659537,0.009790586289860464,0.017174791726133756,-0.007865444889473328,-0.015720515539512404,0.013549755108590729,0.0010753608594314071,0.02463351773243699,0.018911701013291402,0.020487178815741285,-0.04670351762116033
penalty_won,-0.015734766185736604,-0.01670196433293323,-0.028592188967378206,-0.028032147172954287,0.027326312702040906,-0.013560228428264522,-0.016790532722847924,-0.018568735893137563,0.01663094823369972,-0.0016179450297324253,0.02010715291982234,0.0012432128506704588,0.009530993846332493,0.0064251914241148095,0.013729220072048938,0.027890413870270303,0.05490748591717121,0.021307008644851928,0.06997301385149812,0.09014103442125145,-0.016280800848470722,-0.0033048848810891137,-0.02033981309059307,0.00078313313487754,0.005526257945601657,0.12229496911765188,0.039985197459752785,0.006285682236948875,0.09670002002504188,0.035656725724758656,0.004551931418420528,0.041662934890452814,0.03127021205828187,0.010980783360342916,-0.006407031467825934,0.02437626811178977,0.000699293634535818,0.04896573384061321,0.07125772528907605,0.007718840981787848,-0.003287294620851306,-0.011440738150401671,0.004057070286859082,0.005523488059304963,-0.011889325813956363,-0.011797318964631672,0.03436158593893901,0.005310035865716294,0.01570179290659537,1.0,-0.008391382723326438,-0.003009459725063661,-0.010899262780148208,-0.009920291064332369,,-0.00585182125718002,-0.005047796805342081,0.021444941340321492,-0.01587204337066378,0.11113846664110028
error_lead_to_a_goal,0.039763837444431745,0.033803682179306745,0.059373548703931286,0.04859092540669371,-0.0034369636806997924,0.020770022621936474,0.033171078505190195,0.043344152621738026,0.035925878142191246,0.03517038217256762,0.01399878042227475,-0.06062035043917592,-0.025404474951207734,-0.023085109332016115,0.0075844330336685166,-0.01574162654989246,-0.00396553672422174,-0.02743230407877524,-0.027474430073559652,-0.02047450036633048,0.030868544690970393,0.02240333128017746,0.0036324451687499435,0.014186494333773943,-0.009970996869713537,-0.0255018166745484,-0.008118904490887816,0.004803122782400634,-0.02295061858609155,-0.006644051118521441,0.01122119395330687,-0.026044791683157847,-0.013442191055777914,-0.004117363845518995,0.0036092977395498415,-0.027854886168755817,-0.006267070653341938,-0.019559501524034847,-0.005011837844611411,-0.019642999299126343,0.016601147899044,0.012353789088391505,-0.0009727009070855212,-0.012336646203197103,0.028195509185558017,0.029897075051877647,-0.015628931818815434,0.01024233408676572,0.009790586289860464,-0.008391382723326438,1.0,-0.005092851069282521,-0.01943048049089969,-0.015315521483142212,0.04128693978380554,0.018511282478514038,0.004719124042252582,0.013585141163632523,0.004357917829389857,-0.1474782559437464
pass_accuracy,0.3631620634312042,0.4787776887872567,-0.1875978881368983,0.03422103473485675,0.017735655855842292,-0.17722273376675654,-0.18969342189083913,-0.20461771629025408,0.07395553025296259,0.3204074446926964,-0.37335064287416553,-0.030421586727991338,0.0424562947764435,0.0396984934433857,-0.08774320226072509,-0.052001384299061676,0.005909829480806145,-0.03806402346945151,-0.03510044122338592,-0.03955078823722612,0.09145081954768694,0.11604885937725638,0.12807444241997085,0.10058497824726045,0.009584038125558777,-0.0604676951767575,0.07882599431863858,-0.07896698140625263,-0.002621965946767574,-0.006046450364329137,0.048650846968104094,-0.023994541242218156,0.005607076185187883,0.025982911185320944,0.02275172261813972,0.08982290837951817,0.008837539759195094,-0.047801182146466725,-0.015681959031844654,0.005924448989584387,-0.05055320659527845,-0.13599780006505566,0.0067765519172746135,-0.06969402501396336,-0.09592670054973332,-0.09883681750962221,-0.0034786477780122116,0.04665458853558949,0.017174791726133756,-0.003009459725063661,-0.005092851069282521,1.0,0.3606935182750916,0.022188419892174256,-0.1314702557668779,0.05665653859602087,0.03755881021156756,0.017873812746374472,-0.027149896268826114,0.09998869435491105
long_ball_accuracy,0.09251688189211332,0.14827042215725353,-0.06541052196927535,0.31486824195125374,0.025561185568016,-0.06049320588251648,-0.06248816826520425,-0.06618205556006669,-0.01387311461899991,0.07031445249766828,-0.18152551000620795,-0.010595724718714766,0.008811642140351083,0.01702553628315149,-0.000356543335789604,0.04227321896048894,0.031916355821362506,0.05427110390268311,0.04642746206422576,0.027896282778584927,-0.08075898112164377,0.0006623891532069564,-0.020515904971861888,-0.012128537259061416,0.02752166875456234,0.05946601610422761,0.0831953192971956,-0.012477995178736948,0.053717255089909786,0.06491375401277118,0.010558727361060631,0.06672381950510971,0.07578249666564091,0.045834337531690104,0.010102996953574783,0.10887500170783952,-0.003003078283715196,0.017626324270757728,0.026150098207049475,0.040403991359010905,-0.025657014111279162,-0.04084931361084087,-0.006895840795458015,0.015478785677121779,-0.03514789724692854,-0.036521557378746315,0.01585283000982074,-0.0037600036209807287,-0.007865444889473328,-0.010899262780148208,-0.01943048049089969,0.3606935182750916,1.0,0.020315934497454315,-0.09677014063656107,0.04398208298120071,-0.004546124467166708,-0.02300626348010748,-0.02018781757049906,0.1553989603429456
cross_accuracy,0.03261046650323852,0.03423141536255247,0.04501697213011989,0.045500093725922765,0.12977640435035037,0.011745952500010714,,,-0.009477562440249115,0.028495753980076647,-0.11706624406306539,,0.03305598487049757,0.6245582674454488,-0.012256271555462125,-0.019167973788091132,-0.0015571417280035138,-0.04570953089456863,-0.008331328936855339,-0.01803759103907763,0.014854225682970066,0.050287541332958235,-0.006581144885687032,-0.00819421509501529,-0.007056888751829145,-0.017716972604385185,0.3039860239277115,0.003047666050191307,0.0028613979868084053,-0.01726801358362267,0.012534880693519856,0.0009269763089555414,-0.0005016144897011334,0.21270048556598745,-0.01534276496100416,0.30256320324084746,-0.005629042296874201,-0.016359787006762147,-0.018521180274871537,-0.010355159557134286,,,-0.018941964720664985,-0.011821670998356938,,,-0.03142084582252951,-0.0238714362699961,-0.015720515539512404,-0.009920291064332369,-0.015315521483142212,0.022188419892174256,0.020315934497454315,1.0,,0.00759969375589286,-0.0034235163795708822,0.006104006870332235,0.0030160291266424118,0.13040002698090308
keeper_sweeper_accuracy,-0.03817873779069658,-0.09735351535712157,0.07041329632247481,0.023137913700067816,0.013549755108590729,0.043297648491542315,-0.04820275016418058,-0.08524542023473654,0.11245069499135647,-0.06899391930683949,0.09079445139046609,0.0030083464584401962,,,0.023559303396650563,-0.16144450318698614,0.000569780921748894,0.013549755108590794,,,0.1279665396062428,,0.013549755108590692,-0.16783720791877457,-0.13881854933408708,,0.016502071702584036,-0.01216691035321784,0.09201328565444883,,-0.1485447196791124,0.023559303396650636,0.023559303396650636,0.013549755108590729,,0.02573371107649916,-0.04944635119001126,,,,0.030533046578268157,0.019010936597923373,0.01919906255207939,,-0.018711853975000067,0.3604177114264159,,,0.013549755108590729,,0.04128693978380554,-0.1314702557668779,-0.09677014063656107,,1.0,,,0.19919291583350596,-0.048903984326503495,-0.010910990406167161
contest_win_rate,0.09697724677583201,0.09805265096799592,0.09213576149421332,0.09209313780263514,-0.001502658995140962,0.030685732282412236,0.033248894262722636,0.034335700131442125,0.0010709505441943486,0.07800619498854486,-0.12115522183728553,-0.016734742028300113,-0.012490955514943105,-0.0026156386041621587,-0.030342693458497494,-0.2553071051204651,0.2459319701444745,-0.007972751545857533,-0.013629624323512154,0.0018938106006235582,0.0376464441735284,0.061989175029436384,0.04458729118383341,0.025490044324045908,-0.021545927275791514,-0.007675582823735199,0.018308015358515832,0.005689509035618266,-0.0014482121472201136,-0.00035699232975192096,-0.006135799016713435,-0.0032705031170176197,0.6290694317967204,0.014264987257545459,0.018291259510726434,0.026353960552845657,-0.0066458639962981,-0.024715147009363263,-0.015710073457577908,0.014531304569211272,,,0.004264262549898044,-0.04988524893574038,0.0289298176595703,0.0289298176595703,-0.01222851915198543,0.003850397662801084,0.0010753608594314071,-0.00585182125718002,0.018511282478514038,0.05665653859602087,0.04398208298120071,0.00759969375589286,,1.0,-0.0034627022326645437,0.4980574742532126,0.02672675033587147,0.2720354661559805
contest_loss_rate,0.11520135262563379,0.10854345821208103,0.10360207657846442,0.08411329342921608,0.003981655754147496,-0.013959181411841678,-0.015125183993816698,-0.015619580547279696,0.11876345639033713,0.11946050260324373,0.03793347247882379,0.007612766014624431,0.01715152333198978,0.01384839489177211,-0.01707455348413989,0.2265541292652637,0.037209719692263096,-0.0022132358253660407,-0.06095112265754136,-0.034528969664939804,0.091284666868789,0.05225445626715932,0.09229313754588044,0.15635936163045563,0.058301554686377065,-0.06587169237288239,-0.010203253665539825,0.017405395975687545,0.0012441924493652597,-0.024274076050640355,0.862634746100956,-0.20088446897849516,-0.13677716268219228,-0.00888702885299922,-0.004038647561917395,0.012271897325741426,0.057977220199518884,-0.023582403605285674,-0.014145653032215951,-0.02540164813788208,,,-0.01036310086585078,-0.04826788021735819,-0.013160402013704102,-0.013160402013704102,-0.016188810461959493,0.008352210289561308,0.02463351773243699,-0.005047796805342081,0.004719124042252582,0.03755881021156756,-0.004546124467166708,-0.0034235163795708822,,-0.0034627022326645437,1.0,-0.15080463667524863,0.021031379079420518,-0.07281202966994832
duel_win_rate,0.17030561121556995,0.14959284011324345,0.2554697759218747,0.20115790452617838,-0.008552853341975518,0.1793909851648932,0.18243081977648368,0.20320837097042463,0.10807217132349874,0.18199885287274703,0.00584430412433359,0.01802314780495796,-0.020798506938940534,-0.012147901690703494,-0.2634666551588834,-0.4789182671411764,0.4250231318812909,-0.25475595769123643,-0.04119903590805313,-0.035855014622047654,0.15134698315719675,0.04899408035449893,0.06085138781402129,0.27950941344613506,-0.26084713453088926,-0.053802815171271653,-0.010726335241253073,0.2633598970640222,0.22430914544469782,-0.035020224840000044,-0.19863797253963897,-0.07837014844388768,0.11794296645807292,0.002231324032923727,0.012305141225846443,-0.027084257490378284,0.012444425055870517,-0.031234205413017902,-0.031205815404132746,-0.032859985308772044,0.0399260943902212,0.16156402904707923,-0.014854948246928543,-0.07104388954463392,0.12924608351861094,0.1342271903284306,-0.011031269455319027,0.03924908991217093,0.018911701013291402,0.021444941340321492,0.013585141163632523,0.017873812746374472,-0.02300626348010748,0.006104006870332235,0.19919291583350596,0.4980574742532126,-0.15080463667524863,1.0,0.6133824221234269,0.3376724153076885
aerial_win_rate,0.15270449951399198,0.130030813371138,0.2054380022476086,0.16227636937515666,-0.019250353515516617,0.13310692959439793,0.14774150012872467,0.16173100355535336,0.07773114993143464,0.14430177323704524,0.05724745887799162,0.01591452004442264,-0.05934305713328145,-0.04002093280826948,-0.4860010656787343,-0.33314703053925054,0.27557272779447256,-0.08526397755555565,-0.0478420953277538,-0.04093101059173978,0.16584917541365302,0.05311948665356465,0.04337542347086143,0.028817097954042168,-0.015805088286246872,-0.05380331895266673,-0.04610459368148932,0.4933797526435499,-0.02063313087423649,-0.02605863200643599,-0.029500470484588263,-0.09094007063243449,-0.06297978932885312,-0.03324716447711914,0.013719288699478988,-0.05783360321537022,0.0252998646515926,-0.017389680312685896,-0.019524619195776215,-0.035736514811652534,0.040573567170192504,0.1440565293243242,0.022995514190495493,-0.052468954509530555,0.10365725121785904,0.10225462039562369,-0.009329374925037048,0.013972235110252175,0.020487178815741285,-0.01587204337066378,0.004357917829389857,-0.027149896268826114,-0.02018781757049906,0.0030160291266424118,-0.048903984326503495,0.02672675033587147,0.021031379079420518,0.6133824221234269,1.0,0.1302906397446613
rating,0.28978497518171187,0.2784285721468305,0.15901366315735574,0.2251035325029521,0.2754927047501225,0.09975189275985252,0.1780703994710636,0.1858878114253887,0.28554949690075543,0.35869314822666015,0.16478918274762708,0.24587014735981452,0.1751494233751849,0.20843533690034804,0.011999563282095586,-0.05831137368868776,0.3347171478380738,-0.03382092533821358,0.36674827515842817,0.45727692853908075,0.11757961980152776,0.138820651160784,0.12574043349736985,0.19648536100920175,-0.05880583460949807,0.2702106575908662,0.3265575239412968,0.16233674125494413,0.21107006606636516,0.16822801066021187,-0.043410006080182244,0.08824091997987575,0.20143789313473975,0.318060505757355,0.09440924487404213,0.38621448166856387,-0.06709965774897919,-0.05643016718782084,-0.023928287486986083,0.11103851135904766,0.0693999840262223,0.08062187661198388,-0.09807546218020935,0.03191067265969254,0.025281670140769243,0.023885712371451703,0.062187688875670034,0.04407458023278192,-0.04670351762116033,0.11113846664110028,-0.1474782559437464,0.09998869435491105,0.1553989603429456,0.13040002698090308,-0.010910990406167161,0.2720354661559805,-0.07281202966994832,0.3376724153076885,0.1302906397446613,1.0
